{"cameraMode":{"drawMode":0,"name":"Shaded","section":"Shading Mode"},"sceneLighting":true,"audioPlay":false,"sceneViewState":{"m_AlwaysRefresh":false,"showFog":true,"showSkybox":true,"showFlares":true,"showImageEffects":true,"showParticleSystems":true,"showVisualEffectGraphs":true,"m_FxEnabled":true},"in2DMode":false,"pivot":{"x":36.101566314697269,"y":-3.3083178997039797,"z":-1.2569712400436402},"rotation":{"x":0.04002021998167038,"y":0.7373030781745911,"z":-0.043846480548381808,"w":0.672947883605957},"size":28.997426986694337,"orthographic":false}